Address,Address V1,Address V2,Address V3
"Adam Food Centre 2, Adam Road,Singapore",Adam Food Centre 2, Adam Road," Adam Road, Singapore"
"Amoy Street Food Centre National Development Building, Telok Ayer Street,Singapore",Amoy Street Food Centre National Development Building, Telok Ayer Street," Telok Ayer Street, Singapore"
"Bedok Food Centre 1, Bedok Road,Singapore",Bedok Food Centre 1, Bedok Road," Bedok Road, Singapore"
"Beo Crescent Market 38A, Beo Crescent,Singapore",Beo Crescent Market 38A, Beo Crescent," Beo Crescent, Singapore"
"Berseh Food Centre 166, Jalan Besar,Singapore",Berseh Food Centre 166, Jalan Besar," Jalan Besar, Singapore"
"Bukit Timah Market 51, Upper Bukit Timah Road,Singapore",Bukit Timah Market 51, Upper Bukit Timah Road," Upper Bukit Timah Road, Singapore"
"Chomp Chomp Food Centre 20, Kensington Park Road,Singapore",Chomp Chomp Food Centre 20, Kensington Park Road," Kensington Park Road, Singapore"
"Commonwealth Crescent Market 31, Commonwealth Crescent,Singapore",Commonwealth Crescent Market 31, Commonwealth Crescent," Commonwealth Crescent, Singapore"
"Dunman Food Centre 271, Onan Road,Singapore",Dunman Food Centre 271, Onan Road," Onan Road, Singapore"
"East Coast Lagoon Food Village 1220, East Coast Parkway,Singapore",East Coast Lagoon Food Village 1220, East Coast Parkway," East Coast Parkway, Singapore"
"Geylang Serai Market Geylang Serai,Geylang Serai, Singapore,Singapore",Geylang Serai Market Geylang Serai,Geylang Serai,"Geylang Serai, Singapore"
"Golden Mile Food Centre 505, Beach Road,Singapore",Golden Mile Food Centre 505, Beach Road," Beach Road, Singapore"
"Holland Village Market & Food Centre 1, Lorong Mambong,Singapore",Holland Village Market & Food Centre 1, Lorong Mambong," Lorong Mambong, Singapore"
"Kallang Estate Market 17, Old Airport Road,Singapore",Kallang Estate Market 17, Old Airport Road," Old Airport Road, Singapore"
"Market Street Interim Food Centre 5, Cross Street,Singapore",Market Street Interim Food Centre 5, Cross Street," Cross Street, Singapore"
"Marsiling Mall Hawker Centre 4, Woodlands Street 12,Singapore",Marsiling Mall Hawker Centre 4, Woodlands Street 12," Woodlands Street 12, Singapore"
"Maxwell Food Centre 1, Kadayanallur Street,Singapore",Maxwell Food Centre 1, Kadayanallur Street," Kadayanallur Street, Singapore"
"Newton Food Centre 500, Clemenceau Ave North,Singapore",Newton Food Centre 500, Clemenceau Ave North," Clemenceau Ave North, Singapore"
"North Bridge Road Market & Food Centre 861, North Bridge Road,Singapore",North Bridge Road Market & Food Centre 861, North Bridge Road," North Bridge Road, Singapore"
"Pasir Panjang Food Centre 121, Pasir Panjang Road,Singapore",Pasir Panjang Food Centre 121, Pasir Panjang Road," Pasir Panjang Road, Singapore"
"Sembawang Hills Food Centre 590, Upper Thomson Road,Singapore",Sembawang Hills Food Centre 590, Upper Thomson Road," Upper Thomson Road, Singapore"
"Serangoon Garden Market 49A, Serangoon Garden Way,Singapore",Serangoon Garden Market 49A, Serangoon Garden Way," Serangoon Garden Way, Singapore"
"Taman Jurong Market & Food Centre 3, Yung Sheng Road,Singapore",Taman Jurong Market & Food Centre 3, Yung Sheng Road," Yung Sheng Road, Singapore"
"Tanglin Halt Market 48A, Tanglin Halt Road,Singapore",Tanglin Halt Market 48A, Tanglin Halt Road," Tanglin Halt Road, Singapore"
"Tiong Bahru Market 30, Seng Poh Road,Singapore",Tiong Bahru Market 30, Seng Poh Road," Seng Poh Road, Singapore"
"Zion Riverside Food Centre 70, Zion Road,Singapore",Zion Riverside Food Centre 70, Zion Road," Zion Road, Singapore"
"ABC Brickworks Market & Food Centre Blk 6, Jalan Bukit Merah,Singapore",ABC Brickworks Market & Food Centre Blk 6, Jalan Bukit Merah," Jalan Bukit Merah, Singapore"
"Albert Centre Market & Food Centre Blk 270, Queen Street,Singapore",Albert Centre Market & Food Centre Blk 270, Queen Street," Queen Street, Singapore"
"Alexandra Village Food Centre Blk 120, Bukit Merah Lane 1,Singapore",Alexandra Village Food Centre Blk 120, Bukit Merah Lane 1," Bukit Merah Lane 1, Singapore"
"Blk 117 Aljunied Ave 2 Blk 117, Aljunied Ave 2,Singapore",Blk 117 Aljunied Ave 2 Blk 117, Aljunied Ave 2," Aljunied Ave 2, Singapore"
"Blk 226D Ang Mo Kio Ave 1 Blk 226D, Ang Mo Kio Ave 1,Singapore",Blk 226D Ang Mo Kio Ave 1 Blk 226D, Ang Mo Kio Ave 1," Ang Mo Kio Ave 1, Singapore"
"Blk 341 Ang Mo Kio Ave 1 Blk 341, Ang Mo Kio Ave 1,Singapore",Blk 341 Ang Mo Kio Ave 1 Blk 341, Ang Mo Kio Ave 1," Ang Mo Kio Ave 1, Singapore"
"Blks 160/162 Ang Mo Kio Ave 4 Blks 160/162, Ang Mo Kio Ave 4,Singapore",Blks 160/162 Ang Mo Kio Ave 4 Blks 160/162, Ang Mo Kio Ave 4," Ang Mo Kio Ave 4, Singapore"
"Blk 628 Ang Mo Kio Ave 4 Blk 628, Ang Mo Kio Ave 4,Singapore",Blk 628 Ang Mo Kio Ave 4 Blk 628, Ang Mo Kio Ave 4," Ang Mo Kio Ave 4, Singapore"
"Blk 724 Ang Mo Kio Ave 6 Blk 724, Ang Mo Kio Ave 6,Singapore",Blk 724 Ang Mo Kio Ave 6 Blk 724, Ang Mo Kio Ave 6," Ang Mo Kio Ave 6, Singapore"
"Blk 409 Ang Mo Kio Ave 10 Blk 409, Ang Mo Kio Ave 10,Singapore",Blk 409 Ang Mo Kio Ave 10 Blk 409, Ang Mo Kio Ave 10," Ang Mo Kio Ave 10, Singapore"
"Blk 453A Ang Mo Kio Ave 10 Blk 453A, Ang Mo Kio Ave 10,Singapore",Blk 453A Ang Mo Kio Ave 10 Blk 453A, Ang Mo Kio Ave 10," Ang Mo Kio Ave 10, Singapore"
"Blk 527 Ang Mo Kio Ave 10 Blk 527, Ang Mo Kio Ave 10,Singapore",Blk 527 Ang Mo Kio Ave 10 Blk 527, Ang Mo Kio Ave 10," Ang Mo Kio Ave 10, Singapore"
"Blk 226H Ang Mo Kio Street 22 Blk 226H, Ang Mo Kio Street 22,Singapore",Blk 226H Ang Mo Kio Street 22 Blk 226H, Ang Mo Kio Street 22," Ang Mo Kio Street 22, Singapore"
"Blk 216 Bedok North Street 1 Blk 216, Bedok North Street 1,Singapore",Blk 216 Bedok North Street 1 Blk 216, Bedok North Street 1," Bedok North Street 1, Singapore"
"Blk 511 Bedok North Street 3 Blk 511, Bedok North Street 3,Singapore",Blk 511 Bedok North Street 3 Blk 511, Bedok North Street 3," Bedok North Street 3, Singapore"
"Blk 538 Bedok North Street 3 Blk 538, Bedok North Street 3,Singapore",Blk 538 Bedok North Street 3 Blk 538, Bedok North Street 3," Bedok North Street 3, Singapore"
"Blk 85 Bedok North Street 4 Blk 85, Bedok North Street 4,Singapore",Blk 85 Bedok North Street 4 Blk 85, Bedok North Street 4," Bedok North Street 4, Singapore"
"Blk 630 Bedok Reservoir Road Blk 630, Bedok Reservoir Road,Singapore",Blk 630 Bedok Reservoir Road Blk 630, Bedok Reservoir Road," Bedok Reservoir Road, Singapore"
"Blk 16 Bedok South Road Blk 16, Bedok South Road,Singapore",Blk 16 Bedok South Road Blk 16, Bedok South Road," Bedok South Road, Singapore"
"Blk 29 Bendemeer Road Blk 29, Bendemeer Road,Singapore",Blk 29 Bendemeer Road Blk 29, Bendemeer Road," Bendemeer Road, Singapore"
"Blk 221A/B Boon Lay Place Blks 221A/B, Boon Lay Place,Singapore",Blk 221A/B Boon Lay Place Blks 221A/B, Boon Lay Place," Boon Lay Place, Singapore"
"Blk 163 Bukit Merah Central Blk 163, Bukit Merah Central,Singapore",Blk 163 Bukit Merah Central Blk 163, Bukit Merah Central," Bukit Merah Central, Singapore"
" Blk 115 Bukit Merah View Blk 115, Bukit Merah View,Singapore", Blk 115 Bukit Merah View Blk 115, Bukit Merah View," Bukit Merah View, Singapore"
"Blks 2 & 3 Changi Village Road Blks 2/3, Changi Village Road,Singapore",Blks 2 & 3 Changi Village Road Blks 2/3, Changi Village Road," Changi Village Road, Singapore"
"Chinatown Market Blk 335, Smith Street,Singapore",Chinatown Market Blk 335, Smith Street," Smith Street, Singapore"
"Chong Pang Market & Food Centre # Blks 104/105, Yishun Ring Road,Singapore",Chong Pang Market & Food Centre # Blks 104/105, Yishun Ring Road," Yishun Ring Road, Singapore"
"Blks 79/79A Circuit Road Blks 79/79A, Circuit Road,Singapore",Blks 79/79A Circuit Road Blks 79/79A, Circuit Road," Circuit Road, Singapore"
"Blk 80 Circuit Road Blk 80, Circuit Road,Singapore",Blk 80 Circuit Road Blk 80, Circuit Road," Circuit Road, Singapore"
"Blk 89 Circuit Road Blk 89, Circuit Road,Singapore",Blk 89 Circuit Road Blk 89, Circuit Road," Circuit Road, Singapore"
"Blk 353 Clementi Ave 2 Blk 353, Clementi Ave 2,Singapore",Blk 353 Clementi Ave 2 Blk 353, Clementi Ave 2," Clementi Ave 2, Singapore"
"Blk 448 Clementi Ave 3 Blk 448, Clementi Ave 3,Singapore",Blk 448 Clementi Ave 3 Blk 448, Clementi Ave 3," Clementi Ave 3, Singapore"
"Blk 726 Clementi West Street 2 Blk 726, Clementi West Street 2,Singapore",Blk 726 Clementi West Street 2 Blk 726, Clementi West Street 2," Clementi West Street 2, Singapore"
"Blks 1A/ 2A/ 3A Commonwealth Drive Blks 1A/ 2A/ 3A, Commonwealth Drive,Singapore",Blks 1A/ 2A/ 3A Commonwealth Drive Blks 1A/ 2A/ 3A, Commonwealth Drive," Commonwealth Drive, Singapore"
"Blk 7 Empress Road Blk 7, Empress Road,Singapore",Blk 7 Empress Road Blk 7, Empress Road," Empress Road, Singapore"
"Blk 4A Eunos Crescent Blk 4A, Eunos Crescent,Singapore",Blk 4A Eunos Crescent Blk 4A, Eunos Crescent," Eunos Crescent, Singapore"
"Blk 69 Geylang Bahru Blk 69, Geylang Bahru,Singapore",Blk 69 Geylang Bahru Blk 69, Geylang Bahru," Geylang Bahru, Singapore"
"Blk 20, Ghim Moh Road,Singapore",Blk 20, Ghim Moh Road," Ghim Moh Road, Singapore"
"Blks 13/14, Haig Road,Singapore",Blks 13/14, Haig Road," Haig Road, Singapore"
"Blks 22A/B, Havelock Road,Singapore",Blks 22A/B, Havelock Road," Havelock Road, Singapore"
"Blk 44, Holland Drive,Singapore",Blk 44, Holland Drive," Holland Drive, Singapore"
"Hong Lim Market & Food Centre,Hong Lim Market & Food Centre,Singapore",Hong Lim Market & Food Centre,Hong Lim Market & Food Centre,"Hong Lim Market & Food Centre, Singapore"
"Blk 531A, Upper Cross Street,Singapore",Blk 531A, Upper Cross Street," Upper Cross Street, Singapore"
"Blk 105, Hougang Ave 1,Singapore",Blk 105, Hougang Ave 1," Hougang Ave 1, Singapore"
"Blk 4A, Jalan Batu,Singapore",Blk 4A, Jalan Batu," Jalan Batu, Singapore"
"Blk 112, Jalan Bukit Merah,Singapore",Blk 112, Jalan Bukit Merah," Jalan Bukit Merah, Singapore"
"Blk 1, Jalan Kukoh,Singapore",Blk 1, Jalan Kukoh," Jalan Kukoh, Singapore"
"Blk 347, Jurong East Ave 1,Singapore",Blk 347, Jurong East Ave 1," Jurong East Ave 1, Singapore"
"Blk 254, Jurong East Street 24,Singapore",Blk 254, Jurong East Street 24," Jurong East Street 24, Singapore"
"Blk 505, Jurong West Street 52,Singapore",Blk 505, Jurong West Street 52," Jurong West Street 52, Singapore"
"Blk 209, Hougang Street 21,Singapore",Blk 209, Hougang Street 21," Hougang Street 21, Singapore"
"Blk 84, Marine Parade Central,Singapore",Blk 84, Marine Parade Central," Marine Parade Central, Singapore"
"Blk 50A, Marine Terrace,Singapore",Blk 50A, Marine Terrace," Marine Terrace, Singapore"
"Blks 20/21, Marsiling Lane,Singapore",Blks 20/21, Marsiling Lane," Marsiling Lane, Singapore"
"Blk 159, Mei Chin Road,Singapore",Blk 159, Mei Chin Road," Mei Chin Road, Singapore"
"Blk 58, New Upper Changi Road,Singapore",Blk 58, New Upper Changi Road," New Upper Changi Road, Singapore"
"Blk 208B, New Upper Changi Road,Singapore",Blk 208B, New Upper Changi Road," New Upper Changi Road, Singapore"
"Blk 51, Old Airport Road,Singapore",Blk 51, Old Airport Road," Old Airport Road, Singapore"
"Blk 41A, Cambridge Road,Singapore",Blk 41A, Cambridge Road," Cambridge Road, Singapore"
"Blk 32, New Market Road,Singapore",Blk 32, New Market Road," New Market Road, Singapore"
"Blk 79, Redhill Lane,Singapore",Blk 79, Redhill Lane," Redhill Lane, Singapore"
"Blk 85, Redhill Lane,Singapore",Blk 85, Redhill Lane," Redhill Lane, Singapore"
"Blk 320, Shunfu Road,Singapore",Blk 320, Shunfu Road," Shunfu Road, Singapore"
"Blk 49, Sims Place,Singapore",Blk 49, Sims Place," Sims Place, Singapore"
"Blk 137, Tampines Street 11,Singapore",Blk 137, Tampines Street 11," Tampines Street 11, Singapore"
"Blk 6, Tanjong Pagar Plaza,Singapore",Blk 6, Tanjong Pagar Plaza," Tanjong Pagar Plaza, Singapore"
"Blk 37A, Teban Gardens Road,Singapore",Blk 37A, Teban Gardens Road," Teban Gardens Road, Singapore"
"Blk 665, Buffalo Road,Singapore",Blk 665, Buffalo Road," Buffalo Road, Singapore"
"Blk 11, Telok Blangah Crescent,Singapore",Blk 11, Telok Blangah Crescent," Telok Blangah Crescent, Singapore"
"Blk 79, Telok Blangah Drive,Singapore",Blk 79, Telok Blangah Drive," Telok Blangah Drive, Singapore"
"Blk 82, Telok Blangah Drive,Singapore",Blk 82, Telok Blangah Drive," Telok Blangah Drive, Singapore"
"Blk 36, Telok Blangah Rise,Singapore",Blk 36, Telok Blangah Rise," Telok Blangah Rise, Singapore"
"Blk 127, Lorong 1 Toa Payoh,Singapore",Blk 127, Lorong 1 Toa Payoh," Lorong 1 Toa Payoh, Singapore"
"Blk 74, Lorong 4 Toa Payoh,Singapore",Blk 74, Lorong 4 Toa Payoh," Lorong 4 Toa Payoh, Singapore"
"Blk 93, Lorong 4 Toa Payoh,Singapore",Blk 93, Lorong 4 Toa Payoh," Lorong 4 Toa Payoh, Singapore"
"Blk 75, Lorong 5 Toa Payoh,Singapore",Blk 75, Lorong 5 Toa Payoh," Lorong 5 Toa Payoh, Singapore"
"Blk 22, Lorong 7 Toa Payoh,Singapore",Blk 22, Lorong 7 Toa Payoh," Lorong 7 Toa Payoh, Singapore"
"Blk 210, Lorong 8 Toa Payoh,Singapore",Blk 210, Lorong 8 Toa Payoh," Lorong 8 Toa Payoh, Singapore"
"Blk 17, Upper Boon Keng Road,Singapore",Blk 17, Upper Boon Keng Road," Upper Boon Keng Road, Singapore"
"Blk 502, West Coast Drive,Singapore",Blk 502, West Coast Drive," West Coast Drive, Singapore"
"Blk 503, West Coast Drive,Singapore",Blk 503, West Coast Drive," West Coast Drive, Singapore"
"Blk 90, Whampoa Drive,Singapore",Blk 90, Whampoa Drive," Whampoa Drive, Singapore"
"Blks 91/92, Whampoa Drive,Singapore",Blks 91/92, Whampoa Drive," Whampoa Drive, Singapore"
